Title,Genre,Rating,Votes,Duration
1. National Theatre Live: Dear England,Talk-Show,8.1, (134),3h 11m
2. An no Koto,Talk-Show,7.2, (41),N/A
3. Anthony Rodia Totally Relatable,Talk-Show,8.0, (20),1h 17m
4. 2053 - A Best Case Scenario,Talk-Show,N/A,N/A,58m
5. Darkman Audio Commentary with Josh Ruben,Talk-Show,N/A,N/A,N/A
6. El Documental,Talk-Show,N/A,N/A,2h 31m
7. Night of Recovery: Live from the Waynesboro Theater,Talk-Show,N/A,N/A,2h 1m
8. Paul Molinar: Supercut,Talk-Show,N/A,N/A,2h 9m
9. Krazy Haus San Fransicko 2 La,Talk-Show,N/A,N/A,N/A
10. The Poetry of Clark L. Stanton,Talk-Show,N/A,N/A,47m
11. Radyo Agila: Kapitbahay,Talk-Show,N/A,N/A,N/A
